Ciclo,Error medio de entrenamiento,Error medio de validación
0,0.034020205162070084,0.025126031715852464
1,0.03200091315147252,0.024222938426406035
2,0.03177838262927574,0.02387824954690016
3,0.03174356899172427,0.023729524872913806
4,0.03174256520662609,0.02365880119252433
5,0.031745371704715114,0.023622308912946876
6,0.031747311691834985,0.0236019475959006
