Ciclo,Error medio de entrenamiento,Error medio de validación
0,0.04000642808432128,0.027138294566804423
1,0.03743523212386343,0.026483049907558526
2,0.03730694446041892,0.026302363469035212
3,0.03730765435107315,0.0262499444268009
4,0.03731486273282642,0.02623688409930013
