Peso final w1,Peso final w2,Peso final w3,Peso final w4,Peso final w5,Peso final w6,Peso final w7,Peso final w8,Umbral final
-0.8106368484273129,-0.8425659706008626,0.05081945286327817,-0.5430522862910857,1.459308014757899,-2.610960655258577,0.33139295988404316,1.176121886994989,0.6848469690892806
