Peso final w1,Peso final w2,Peso final w3,Peso final w4,Peso final w5,Peso final w6,Peso final w7,Peso final w8,Umbral final
-0.8224644762356276,-0.8398283756145396,0.04944273748519056,-0.5529558686270094,1.427664444068045,-2.684060783334421,0.49411030621136676,1.1544285465742776,0.7104908406679085
