Peso final w1,Peso final w2,Peso final w3,Peso final w4,Peso final w5,Peso final w6,Peso final w7,Peso final w8,Umbral final
-0.9654231403305249,-0.40602131126885727,0.22814201505146128,-0.34662221020897366,0.9016920362632079,-1.6751816292768995,-0.16062639685457145,1.0506443779412515,0.42914025167364256
