Peso final w1,Peso final w2,Peso final w3,Peso final w4,Peso final w5,Peso final w6,Peso final w7,Peso final w8,Umbral final
-0.8563102091672704,-0.8197912586005252,0.0831422443006197,-0.6576907983612482,1.5607009650350694,-2.664131940738887,0.5486176072209122,1.1810297875872047,0.7421615232362326
