Peso final w1,Peso final w2,Peso final w3,Peso final w4,Peso final w5,Peso final w6,Peso final w7,Peso final w8,Umbral final
-0.8329642490567672,-0.8349602403830817,0.05573427597429177,-0.602553291867001,1.5262716723330334,-2.676317764250779,0.4895662630787926,1.1443367769816237,0.7352302674611819
