Peso final w1,Peso final w2,Peso final w3,Peso final w4,Peso final w5,Peso final w6,Peso final w7,Peso final w8,Umbral final
-0.9678792223363061,-0.8393011289230057,0.12705372830892672,-0.5730532201573835,1.562332473756098,-3.232358647156073,0.593127841717878,1.144521599340645,0.7609840642451402
