Peso final w1,Peso final w2,Peso final w3,Peso final w4,Peso final w5,Peso final w6,Peso final w7,Peso final w8,Umbral final
-0.8171408735801255,-0.8413735323361002,0.04926881983321713,-0.5437715459720904,1.4301401191742837,-2.6601054831337976,0.4333035287489374,1.1649266819371997,0.6969523156507195
