Peso final w1,Peso final w2,Peso final w3,Peso final w4,Peso final w5,Peso final w6,Peso final w7,Peso final w8,Umbral final
-0.8468301794395788,-0.8257399004708371,0.07102703144221122,-0.6342091440662968,1.535465406531809,-2.6796473290186826,0.5481770727093925,1.1582694746287037,0.745358542854069
