Peso final w1,Peso final w2,Peso final w3,Peso final w4,Peso final w5,Peso final w6,Peso final w7,Peso final w8,Umbral final
-0.8023109125675995,-0.8447649056179627,0.05258208330294214,-0.524918640889664,1.4230723127588631,-2.6180812080822573,0.29731429199670445,1.1836795750707385,0.6756427500641444
