Peso final w1,Peso final w2,Peso final w3,Peso final w4,Peso final w5,Peso final w6,Peso final w7,Peso final w8,Umbral final
-0.7446966691545999,-0.686978990843478,0.14978995851328783,-0.22751309967651856,0.7591607573998987,-0.3587738740230767,-0.06111555203514678,1.1940213525464052,0.5863363314195797
