Peso final w1,Peso final w2,Peso final w3,Peso final w4,Peso final w5,Peso final w6,Peso final w7,Peso final w8,Umbral final
-0.8677820946970322,-0.8175318720185593,0.0977781658601261,-0.694268829739904,1.6195031344921518,-2.6321193346744245,0.4920274690958949,1.2135755835542432,0.7322506868361245
