Peso final w1,Peso final w2,Peso final w3,Peso final w4,Peso final w5,Peso final w6,Peso final w7,Peso final w8,Umbral final
-0.8396870710797758,-0.8312786164011656,0.06213880295944002,-0.6280121824296965,1.5743116965055721,-2.65725552928792,0.4746354761488848,1.1479377031546205,0.742910843044791
