Peso final w1,Peso final w2,Peso final w3,Peso final w4,Peso final w5,Peso final w6,Peso final w7,Peso final w8,Umbral final
-0.8276706143375545,-0.8377328687593256,0.051854676083723204,-0.5836895255693396,1.503250665627636,-2.6815971329544777,0.4745825877560076,1.1480454451335436,0.7237013204864584
