Peso final w1,Peso final w2,Peso final w3,Peso final w4,Peso final w5,Peso final w6,Peso final w7,Peso final w8,Umbral final
-0.8839571249563649,-0.8151397062161275,0.11445470918174534,-0.6790106518068224,1.488625732821285,-2.2775493728292426,0.4335684292405151,1.2038540485324625,0.7073238010171267
