Ciclo,Error medio de entrenamiento,Error medio de validación
0,0.037134860258048484,0.026195101898883487
1,0.034474622524260236,0.025386557160491936
2,0.03432164954140624,0.02510307366966525
3,0.03431070366459156,0.024989205650925453
4,0.034315532484317346,0.02493838106244689
5,0.034319179500256564,0.02491337567414553
