Ratio de aprendizaje,Ciclos óptimos,Error de validación
0.001,100,0.023081058328915313
0.01,100,0.021772234573436938
