Peso final w1,Peso final w2,Peso final w3,Peso final w4,Peso final w5,Peso final w6,Peso final w7,Peso final w8,Umbral final
-0.8666931164168135,-0.8130013818260183,0.12190279409654528,-0.47005298730053385,0.7713680716403195,-1.543170980463564,0.6129585002481417,1.2117457461752934,0.7058712126401677
